Trial,N,structure_instance_num,structure,num_X_vars,g,g_level,randomize_update_seq,b_distro,b_0_is_zero,normalize_bs,error_variance,normalize_yis,uninformed_rate,g_rate,MA_R2_Adj__t_100,MA-p_value__t_100,Outliers_Dropped__t_100,Max_Y__100,Max_Corr_Y__100,Classification__t_100,MA_R2_Adj__t_250,MA-p_value__t_250,Outliers_Dropped__t_250,Max_Y__250,Max_Corr_Y__250,Classification__t_250,MA_R2_Adj__t_500,MA-p_value__t_500,Outliers_Dropped__t_500,Max_Y__500,Max_Corr_Y__500,Classification__t_500
1,500,12,Random k-out (k=3) #b,3,125,N/4,False,U-11,False,network,2.0,True,0.0,0.25,0.476317,1.0,2.0,105.116,0.5361020000000001,Not Linear,0.43223100000000003,1.0,4.0,91.9901,0.542913,Not Linear,0.42107100000000003,1.0,2.0,84.431,0.47191700000000003,Not Linear
2,100,6,Erdos-Renyi Random #2b,41,100,N,False,U-11,False,network,2.0,False,0.1,1.0,0.506792,1.0,13.0,46.1068,0.500733,Linear,0.480645,1.0,14.0,61.7315,0.5382359999999999,Not Linear,0.461405,1.0,13.0,53.8943,0.518143,Not Linear
3,100,9,Scale-Free #2a,3,1,1,False,N01,False,network,2.0,False,0.1,0.01,-0.0155043,0.0,8.0,46.1537,0.0565621,Not Linear,0.0112788,0.0,9.0,55.3777,0.0832831,Not Linear,0.00200074,0.0,8.0,59.5844,0.12474600000000001,Not Linear
4,500,3,Erdos-Renyi Random #1a,38,5,5,False,U-11,False,network,2.0,True,0.1,0.01,0.561925,1.0,2.0,105.727,0.534741,Linear,0.6089600000000001,1.0,3.0,91.0021,0.520243,Linear,0.608259,1.0,2.0,81.8642,0.42092399999999996,Linear
5,500,8,Scale-Free #1b,24,125,N/4,True,N01,False,network,1.0,True,0.25,0.25,0.0379514,0.0,1.0,54.7051,0.163496,Not Linear,0.051662599999999996,0.0,0.0,55.8217,0.230262,Not Linear,0.093157,1.0,1.0,44.934,0.306996,Not Linear
6,500,6,Erdos-Renyi Random #2b,99,500,N,True,N01,False,agent,2.0,False,0.1,1.0,,0.0,,,,Invalid,,0.0,,,,Invalid,,0.0,,,,Invalid
7,100,9,Scale-Free #2a,3,5,5,True,U-11,False,network,1.0,False,0.1,0.05,0.016225,0.0,4.0,26.2039,0.193154,Not Linear,0.0834804,1.0,2.0,26.0308,0.290865,Not Linear,0.0242215,0.0,2.0,29.8861,0.19651,Not Linear
8,500,2,Directed Random Tree (Reversed),1,5,5,True,N01,False,agent,1.0,True,0.0,0.01,0.0548064,1.0,14.0,2228.81,0.336389,Not Linear,0.101284,1.0,14.0,2159.64,0.18332400000000001,Not Linear,0.0329685,1.0,18.0,1874.64,0.0475279,Not Linear
9,100,8,Scale-Free #1b,6,100,N,False,U-11,False,agent,2.0,True,0.1,1.0,0.12434500000000001,1.0,25.0,1042.88,0.2383,Not Linear,0.11889100000000001,1.0,24.0,853.4989999999999,0.355714,Not Linear,0.126968,1.0,23.0,1235.77,0.26263600000000004,Not Linear
10,500,2,Directed Random Tree (Reversed),1,500,N,False,U01,False,agent,1.0,False,0.25,1.0,0.6436310000000001,1.0,3.0,584.293,0.760937,Linear,0.650226,1.0,2.0,590.254,0.764622,Linear,0.631104,1.0,0.0,586.674,0.808446,Linear
11,100,13,Random k-out (k=10) #a,10,5,5,False,U-11,False,network,1.0,False,0.1,0.05,0.23062800000000003,1.0,7.0,22.9386,0.315206,Not Linear,0.29588200000000003,1.0,5.0,26.590999999999998,0.400888,Not Linear,0.24998299999999998,1.0,6.0,24.0721,0.43306300000000003,Not Linear
12,100,3,Erdos-Renyi Random #1a,15,1,1,False,U-11,False,network,1.0,True,0.25,0.01,0.0418045,0.0,3.0,24.1819,0.24909099999999998,Not Linear,0.026439099999999997,0.0,1.0,26.4646,0.15221400000000002,Not Linear,-0.00108795,0.0,3.0,28.2162,0.0807331,Not Linear
13,500,13,Random k-out (k=10) #a,10,125,N/4,True,U-11,False,agent,1.0,True,0.25,0.25,0.379961,1.0,27.0,296127.0,0.4062,Not Linear,0.407615,1.0,30.0,184511.0,0.390888,Not Linear,0.392899,1.0,32.0,113330.0,0.44901,Not Linear
14,100,5,Erdos-Renyi Random #2a,49,25,N/4,True,U01,False,network,1.0,False,0.0,0.25,0.326126,1.0,2.0,23.1774,0.406488,Not Linear,0.373073,1.0,1.0,27.2482,0.477691,Not Linear,0.320143,1.0,2.0,22.9773,0.447467,Not Linear
15,500,9,Scale-Free #2a,5,1,1,True,U01,False,network,1.0,False,0.25,0.002,0.0165613,0.0,0.0,55.5377,0.0822329,Not Linear,0.00914105,0.0,2.0,48.1995,0.14257999999999998,Not Linear,-0.00805426,0.0,0.0,44.7842,0.16831600000000002,Not Linear
16,500,5,Erdos-Renyi Random #2a,95,5,5,True,U-11,False,network,2.0,True,0.1,0.01,,0.0,1.0,107.81200000000001,0.509308,Invalid,,0.0,2.0,127.059,0.509919,Invalid,0.651035,0.0,1.0,84.17,0.42383699999999996,Not Linear
17,500,8,Scale-Free #1b,24,125,N/4,False,N01,True,agent,1.0,True,0.1,0.25,0.600047,1.0,14.0,526.602,0.811182,Linear,0.44390799999999997,1.0,11.0,550.58,0.716938,Not Linear,0.5719609999999999,1.0,18.0,469.64,0.701908,Linear
18,500,5,Erdos-Renyi Random #2a,95,125,N/4,False,U-11,True,network,1.0,False,0.25,0.25,,0.0,6.0,53.4757,0.48953900000000006,Invalid,,0.0,6.0,62.2008,0.395575,Invalid,,0.0,6.0,40.1333,0.40031,Invalid
19,100,11,Random k-out (k=3) #a,3,5,5,False,N01,True,network,2.0,False,0.0,0.05,0.14243599999999998,1.0,7.0,49.4609,0.444733,Not Linear,0.203057,1.0,7.0,56.2014,0.32431,Not Linear,0.234364,1.0,7.0,56.1332,0.395997,Not Linear
20,100,4,Erdos-Renyi Random #1b,18,5,5,False,U-11,True,network,2.0,True,0.1,0.05,0.516889,1.0,5.0,49.4054,0.5060399999999999,Linear,0.434266,1.0,3.0,53.9595,0.378764,Not Linear,0.499831,1.0,2.0,55.7495,0.481127,Not Linear
21,500,8,Scale-Free #1b,24,125,N/4,True,N01,True,network,2.0,True,0.1,0.25,0.0395636,0.0,1.0,100.90799999999999,0.30095500000000003,Not Linear,0.110917,0.0,3.0,109.48100000000001,0.27666599999999997,Not Linear,0.0634069,0.0,3.0,102.072,0.23283800000000002,Not Linear
22,500,5,Erdos-Renyi Random #2a,95,125,N/4,True,N01,True,network,2.0,False,0.0,0.25,,0.0,4.0,103.887,0.376205,Invalid,,0.0,6.0,95.5295,0.401325,Invalid,,0.0,4.0,82.2141,0.420455,Invalid
23,500,11,Random k-out (k=3) #a,3,5,5,True,U-11,True,network,1.0,False,0.1,0.01,0.16053599999999998,1.0,4.0,51.9953,0.39135,Not Linear,0.150844,1.0,5.0,64.0324,0.342457,Not Linear,0.102602,1.0,4.0,43.6553,0.20712600000000003,Not Linear
24,100,6,Erdos-Renyi Random #2b,41,5,5,True,U-11,True,network,1.0,True,0.1,0.05,0.580511,1.0,6.0,23.2216,0.438385,Linear,0.57214,1.0,3.0,28.34,0.381216,Linear,0.5785640000000001,1.0,2.0,29.4402,0.441543,Linear
25,500,8,Scale-Free #1b,24,125,N/4,False,U01,True,agent,2.0,True,0.1,0.25,0.9740209999999999,1.0,7.0,576.315,0.968575,Linear,0.968778,1.0,4.0,608.248,0.974087,Linear,0.977767,1.0,2.0,808.039,0.9788110000000001,Linear
26,500,4,Erdos-Renyi Random #1b,44,500,N,False,U-11,True,agent,2.0,False,0.25,1.0,,0.0,99.0,2.3416300000000013e+301,,Invalid,,0.0,,,,Invalid,,0.0,,,,Invalid
27,100,11,Random k-out (k=3) #a,3,5,5,False,U-11,True,agent,2.0,False,0.0,0.05,0.999827,1.0,42.0,2.0592800000000006e+124,-0.0,Linear,,0.0,71.0,1.3583500000000006e+239,,Invalid,,0.0,98.0,1.851140000000001e+237,,Invalid
28,100,2,Directed Random Tree (Reversed),1,5,5,False,U-11,True,agent,1.0,True,0.25,0.05,0.718305,1.0,4.0,41.7592,0.818163,Linear,0.732539,1.0,2.0,46.8737,0.855785,Linear,0.730132,1.0,4.0,36.9272,0.8302510000000001,Linear
29,500,12,Random k-out (k=3) #b,3,500,N,True,U01,True,network,2.0,True,0.25,1.0,0.434274,1.0,0.0,105.185,0.562769,Not Linear,0.454991,1.0,0.0,131.454,0.45151800000000003,Not Linear,0.46198999999999996,1.0,0.0,81.6095,0.355319,Not Linear
30,100,4,Erdos-Renyi Random #1b,18,25,N/4,True,U01,True,network,1.0,False,0.0,0.25,0.28178600000000004,1.0,2.0,23.1049,0.46140299999999995,Not Linear,0.334194,1.0,1.0,27.2145,0.478045,Not Linear,0.271185,1.0,2.0,22.892,0.521331,Not Linear
31,500,13,Random k-out (k=10) #a,10,5,5,True,U-11,True,agent,2.0,False,0.1,0.01,,0.0,46.0,1.4711200000000009e+237,,Invalid,,0.0,,,,Invalid,,0.0,,,,Invalid
32,100,7,Scale-Free #1a,4,5,5,True,U-11,True,agent,2.0,True,0.1,0.05,0.559606,1.0,12.0,136.614,0.698863,Linear,0.45546099999999995,1.0,12.0,199.386,0.6507689999999999,Not Linear,0.5225810000000001,1.0,15.0,159.959,0.6757380000000001,Linear
33,500,10,Scale-Free #2b,7,500,N,False,U-11,False,no,1.0,True,0.1,1.0,0.014063299999999997,0.0,2.0,69.2515,0.0545606,Not Linear,0.030800599999999997,0.0,0.0,71.7954,0.333862,Not Linear,0.0131548,0.0,1.0,59.3898,0.145655,Not Linear
34,500,7,Scale-Free #1a,12,125,N/4,False,N01,False,agent,1.0,False,0.1,0.25,1.0,1.0,47.0,7.990250000000001e+70,0.0,Invalid,1.0,1.0,63.0,2.31649e+126,0.0,Invalid,,0.0,76.0,3.624690000000001e+215,,Invalid
35,500,12,Random k-out (k=3) #b,3,5,5,False,N01,False,no,1.0,False,0.1,0.01,0.47348999999999997,1.0,41.0,5.84873e+48,0.117477,Not Linear,0.9872209999999999,1.0,44.0,1.7404600000000006e+120,0.0,Linear,,0.0,44.0,2.312440000000001e+239,,Invalid
36,100,4,Erdos-Renyi Random #1b,18,5,5,False,N01,False,agent,2.0,True,0.1,0.05,0.32753899999999997,1.0,27.0,1236.88,0.536542,Not Linear,0.40108,1.0,24.0,1718.84,0.377933,Not Linear,0.326108,1.0,27.0,1457.8,0.46264799999999995,Not Linear
37,500,9,Scale-Free #2a,5,125,N/4,True,N01,False,no,2.0,True,0.1,0.25,0.055304599999999995,1.0,2.0,143.733,0.34671399999999997,Not Linear,0.036313599999999994,0.0,3.0,136.345,0.167597,Not Linear,0.0667615,1.0,2.0,101.571,0.22222199999999998,Not Linear
38,500,5,Erdos-Renyi Random #2a,95,125,N/4,True,N01,False,no,1.0,False,0.0,0.25,,0.0,,,,Invalid,,0.0,,,,Invalid,,0.0,,,,Invalid
39,500,8,Scale-Free #1b,24,5,5,True,N01,False,agent,1.0,False,0.1,0.01,1.0,1.0,49.0,2.26487e+32,0.95342,Invalid,1.0,1.0,46.0,9.473120000000001e+78,0.0,Invalid,1.0,1.0,59.0,6.764450000000002e+125,0.0,Invalid
40,500,5,Erdos-Renyi Random #2a,95,5,5,True,N01,False,agent,1.0,True,0.1,0.01,,0.0,22.0,33890.1,0.43545900000000004,Invalid,,0.0,28.0,38551.9,0.30472,Invalid,,0.0,25.0,57514.4,0.332021,Invalid
41,100,11,Random k-out (k=3) #a,3,100,N,False,U-11,False,no,1.0,True,0.0,1.0,0.41075200000000006,1.0,2.0,35.0377,0.411112,Not Linear,0.371179,1.0,1.0,43.132,0.41239,Not Linear,0.524117,1.0,0.0,45.1924,0.519546,Linear
42,100,3,Erdos-Renyi Random #1a,15,100,N,False,U-11,False,agent,1.0,False,0.1,1.0,,0.0,51.0,6.802920000000003e+212,,Invalid,,0.0,95.0,2.8281500000000018e+293,,Invalid,,0.0,,,,Invalid
43,100,14,Random k-out (k=10) #b,10,5,5,False,U-11,False,agent,2.0,False,0.1,0.05,,0.0,45.0,4.727770000000001e+185,,Invalid,,0.0,93.0,2.0035000000000012e+257,,Invalid,,0.0,,,,Invalid
44,100,3,Erdos-Renyi Random #1a,15,5,5,False,U-11,False,agent,1.0,True,0.25,0.05,0.329735,1.0,22.0,1069.39,0.34181999999999996,Not Linear,0.32525,1.0,19.0,1201.99,0.32888,Not Linear,0.358542,1.0,21.0,701.347,0.48832700000000007,Not Linear
45,100,12,Random k-out (k=3) #b,3,25,N/4,True,U01,False,no,1.0,True,0.25,0.25,0.8788889999999999,1.0,0.0,176.268,0.795822,Linear,0.8758459999999999,1.0,0.0,190.09599999999998,0.8393950000000001,Linear,0.903194,1.0,4.0,179.757,0.812204,Linear
46,100,4,Erdos-Renyi Random #1b,18,100,N,True,U-11,False,no,2.0,False,0.0,1.0,0.9488110000000001,1.0,31.0,1.83675e+52,0.525668,Linear,0.999941,1.0,46.0,4.62885e+126,0.0,Linear,,0.0,45.0,4.7926700000000026e+252,,Invalid
47,100,9,Scale-Free #2a,3,1,1,True,U-11,False,agent,1.0,False,0.25,0.01,0.992712,1.0,46.0,8.92061e+20,0.949293,Linear,1.0,1.0,48.0,5.61661e+46,0.9983129999999999,Invalid,1.0,1.0,49.0,4.2699000000000007e+92,0.0,Invalid
48,500,3,Erdos-Renyi Random #1a,38,5,5,True,U-11,False,agent,1.0,True,0.0,0.01,0.33368400000000004,1.0,24.0,27219.3,0.358298,Not Linear,0.5245479999999999,1.0,21.0,26211.8,0.376338,Linear,0.5169739999999999,1.0,22.0,18092.8,0.276575,Linear
49,100,11,Random k-out (k=3) #a,3,25,N/4,False,N01,True,agent,1.0,True,0.1,0.25,0.305629,1.0,26.0,639.979,0.407537,Not Linear,0.19536099999999998,1.0,19.0,765.029,0.41668999999999995,Not Linear,0.294165,1.0,25.0,546.513,0.591781,Not Linear
50,100,2,Directed Random Tree (Reversed),1,100,N,False,N01,True,agent,2.0,False,0.1,1.0,0.9998950000000001,1.0,1.0,4370.63,0.999956,Linear,0.9999620000000001,1.0,0.0,7763.73,0.999977,Linear,0.99998,1.0,0.0,13104.5,0.9999889999999999,Linear
51,100,9,Scale-Free #2a,3,5,5,False,N01,True,no,2.0,False,0.0,0.05,0.787974,1.0,49.0,371.63199999999995,0.754034,Linear,0.999994,1.0,46.0,5582950000.0,-0.021802099999999998,Linear,1.0,1.0,46.0,1.64765e+17,0.182064,Invalid
52,500,1,Directed Random Tree,5,1,1,False,N01,True,agent,1.0,True,0.25,0.002,0.077655,1.0,9.0,54.3149,0.308123,Not Linear,0.0205633,0.0,10.0,51.8541,0.03504430000000001,Not Linear,0.0394325,0.0,11.0,56.1724,0.0725484,Not Linear
53,100,14,Random k-out (k=10) #b,10,25,N/4,True,N01,True,no,1.0,True,0.25,0.25,0.20681799999999997,1.0,13.0,366.045,0.272445,Not Linear,0.25087800000000005,1.0,13.0,441.977,0.34371199999999996,Not Linear,0.22392800000000002,1.0,11.0,365.94699999999995,0.387216,Not Linear
54,100,4,Erdos-Renyi Random #1b,18,25,N/4,True,U-11,True,no,1.0,False,0.1,0.25,0.9938809999999999,1.0,42.0,3.43597e+49,0.672942,Linear,1.0,1.0,41.0,1.2451300000000003e+123,0.0,Invalid,,0.0,39.0,2.1113600000000014e+246,,Invalid
55,500,11,Random k-out (k=3) #a,3,1,1,True,N01,True,agent,2.0,False,0.25,0.002,0.65261,1.0,45.0,6.620570000000001e+70,-0.00760348,Linear,,0.0,46.0,2.688970000000001e+173,,Invalid,,0.0,86.0,2.8335400000000015e+275,,Invalid
56,500,7,Scale-Free #1a,12,5,5,True,U-11,True,no,2.0,True,0.0,0.01,0.0449714,0.0,1.0,97.8995,0.296941,Not Linear,0.0549606,0.0,1.0,140.2,0.28228400000000003,Not Linear,0.0170784,0.0,1.0,101.35600000000001,0.24274899999999996,Not Linear
57,500,11,Random k-out (k=3) #a,3,125,N/4,False,U-11,True,agent,2.0,True,0.0,0.25,0.180456,1.0,21.0,11730.2,0.328494,Not Linear,0.07210010000000001,1.0,19.0,9263.25,0.356939,Not Linear,0.118111,1.0,19.0,14663.5,0.29044699999999996,Not Linear
58,100,5,Erdos-Renyi Random #2a,49,25,N/4,False,U-11,True,no,2.0,False,0.25,0.25,,0.0,39.0,6.331560000000002e+186,,Invalid,,0.0,,,,Invalid,,0.0,,,,Invalid
59,500,11,Random k-out (k=3) #a,3,5,5,False,U01,True,agent,2.0,False,0.0,0.01,0.998086,1.0,1.0,2400.32,0.997611,Linear,0.9989629999999999,1.0,0.0,3502.23,0.999025,Linear,0.999534,1.0,0.0,5127.23,0.9995620000000001,Linear
60,100,4,Erdos-Renyi Random #1b,18,5,5,False,U01,True,agent,2.0,True,0.25,0.05,0.794341,1.0,4.0,74.501,0.6044010000000001,Linear,0.78238,1.0,1.0,82.6149,0.538402,Linear,0.792639,1.0,2.0,89.5905,0.7028939999999999,Linear
61,100,13,Random k-out (k=10) #a,10,100,N,True,U-11,True,agent,1.0,True,0.1,1.0,0.46976999999999997,1.0,34.0,6101.27,0.574963,Not Linear,0.404724,1.0,22.0,16159.7,0.5645479999999999,Not Linear,0.47290600000000005,1.0,33.0,4138.0,0.42803900000000006,Not Linear
62,100,3,Erdos-Renyi Random #1a,15,100,N,True,U01,True,no,2.0,False,0.1,1.0,,0.0,34.0,2.088310000000001e+169,,Invalid,,0.0,,,,Invalid,,0.0,,,,Invalid
63,100,14,Random k-out (k=10) #b,10,1,1,True,U01,True,no,1.0,False,0.1,0.01,0.999908,1.0,28.0,1.3500300000000002e+71,0.9997469999999999,Linear,,0.0,47.0,2.1850500000000004e+175,,Invalid,,0.0,,,,Invalid
64,100,1,Directed Random Tree,5,1,1,True,U01,True,agent,2.0,True,0.0,0.01,0.057652699999999994,0.0,1.0,49.2261,0.257293,Not Linear,0.0876627,0.0,2.0,54.4577,0.25492,Not Linear,0.0425916,1.0,1.0,60.0425,0.16002,Not Linear
65,100,9,Scale-Free #2a,3,25,N/4,False,U-11,False,network,0.5,True,0.0,0.25,0.035981,0.0,6.0,12.3887,0.224385,Not Linear,0.0542521,1.0,2.0,13.0437,0.121772,Not Linear,0.0431503,1.0,2.0,12.5981,0.324264,Not Linear
66,500,2,Directed Random Tree (Reversed),1,125,N/4,False,N01,False,network,0.5,False,0.25,0.25,0.174453,1.0,1.0,24.1582,0.425616,Not Linear,0.154283,1.0,3.0,25.5359,0.26271,Not Linear,0.138809,1.0,3.0,20.1531,0.307444,Not Linear
67,100,10,Scale-Free #2b,5,5,5,False,N01,False,network,0.5,False,0.0,0.05,0.0635639,0.0,7.0,12.0558,0.27514099999999997,Not Linear,0.052349,0.0,6.0,15.8648,0.361244,Not Linear,0.037169,0.0,7.0,15.306,0.167847,Not Linear
68,500,4,Erdos-Renyi Random #1b,44,1,1,False,U-11,False,network,0.5,True,0.25,0.002,0.029201099999999997,0.0,1.0,26.2546,0.298074,Not Linear,-0.0116355,0.0,2.0,22.8513,0.254718,Not Linear,-0.0719978,0.0,0.0,20.721999999999998,0.213317,Not Linear
69,100,12,Random k-out (k=3) #b,3,25,N/4,True,U-11,False,agent,0.5,True,0.25,0.25,0.216523,1.0,24.0,1002.95,0.388525,Not Linear,0.268864,1.0,22.0,1060.1,0.32509899999999997,Not Linear,0.201443,1.0,19.0,1485.13,0.330333,Not Linear
70,100,2,Directed Random Tree (Reversed),1,25,N/4,True,U-11,False,network,1.0,False,0.1,0.25,0.136854,1.0,10.0,24.1575,0.29758,Not Linear,0.155622,1.0,10.0,31.4206,0.44724200000000003,Not Linear,0.142746,1.0,10.0,28.4399,0.47952700000000004,Not Linear
71,100,11,Random k-out (k=3) #a,3,5,5,True,N01,False,agent,0.5,False,0.25,0.05,0.9989870000000001,1.0,48.0,5.609110000000001e+95,0.0,Linear,,0.0,59.0,4.949300000000002e+216,,Invalid,,0.0,94.0,1.5175500000000008e+292,,Invalid
72,100,3,Erdos-Renyi Random #1a,15,1,1,True,N01,False,agent,1.0,True,0.1,0.01,-0.0447599,0.0,16.0,108.946,0.13109200000000001,Not Linear,-0.0129368,0.0,22.0,112.449,0.223206,Not Linear,-0.06161619999999999,0.0,22.0,131.64,0.167167,Not Linear
73,100,14,Random k-out (k=10) #b,10,25,N/4,False,U01,False,network,1.0,True,0.0,0.25,0.584217,1.0,2.0,23.1543,0.56025,Linear,0.540922,1.0,1.0,27.305999999999997,0.388626,Linear,0.609045,1.0,2.0,22.9545,0.505943,Linear
74,100,3,Erdos-Renyi Random #1a,15,25,N/4,False,U01,False,agent,1.0,False,0.1,0.25,0.858727,1.0,2.0,165.946,0.8568959999999999,Linear,0.884265,1.0,1.0,158.418,0.8932370000000001,Linear,0.886067,1.0,0.0,166.19299999999998,0.879647,Linear
75,500,8,Scale-Free #1b,24,1,1,False,U01,False,agent,0.5,False,0.1,0.002,0.976462,1.0,2.0,668.9780000000001,0.9731709999999999,Linear,0.977301,1.0,1.0,683.9119999999999,0.972242,Linear,0.97393,1.0,3.0,681.2310000000001,0.9749389999999999,Linear
76,500,6,Erdos-Renyi Random #2b,99,1,1,False,U01,False,agent,0.5,True,0.25,0.002,,0.0,1.0,34.0709,0.0939729,Invalid,,0.0,0.0,39.6383,0.16428299999999998,Invalid,,0.0,1.0,28.3937,0.14824400000000001,Invalid
77,500,12,Random k-out (k=3) #b,3,125,N/4,True,U-11,False,agent,1.0,True,0.1,0.25,0.214329,1.0,21.0,8150.1,0.397785,Not Linear,0.207339,1.0,23.0,9072.46,0.392208,Not Linear,0.19658499999999998,1.0,18.0,8096.01,0.43268500000000004,Not Linear
78,100,6,Erdos-Renyi Random #2b,41,100,N,True,U01,False,agent,0.5,False,0.1,1.0,0.9482280000000001,1.0,6.0,145.748,0.930918,Linear,0.954514,1.0,2.0,166.21599999999998,0.949757,Linear,0.9643079999999999,1.0,0.0,161.435,0.9600549999999999,Linear
79,100,8,Scale-Free #1b,6,1,1,True,U-11,False,agent,0.5,False,0.25,0.01,0.9930120000000001,1.0,48.0,7.18649e+34,0.537767,Linear,1.0,1.0,49.0,1.5307900000000002e+86,-0.0,Invalid,,0.0,46.0,4.6507300000000016e+173,,Invalid
80,500,2,Directed Random Tree (Reversed),1,5,5,True,U01,False,network,0.5,True,0.0,0.01,0.13270099999999999,1.0,0.0,26.7868,0.5013,Not Linear,0.121076,1.0,2.0,23.8154,0.37067,Not Linear,0.121601,1.0,0.0,21.0139,0.09530880000000001,Not Linear
81,500,9,Scale-Free #2a,5,125,N/4,False,U-11,True,agent,1.0,True,0.1,0.25,0.435625,1.0,12.0,500.776,0.569337,Not Linear,0.49805600000000005,1.0,15.0,406.255,0.757958,Not Linear,0.461261,1.0,16.0,478.649,0.790177,Not Linear
82,500,7,Scale-Free #1a,12,500,N,False,U-11,True,agent,0.5,True,0.1,1.0,0.39674499999999996,1.0,15.0,830.529,0.567896,Not Linear,0.380813,1.0,15.0,798.816,0.601625,Not Linear,0.327054,1.0,20.0,823.929,0.314789,Not Linear
83,100,8,Scale-Free #1b,6,5,5,False,U-11,True,network,0.5,True,0.1,0.05,0.0867165,1.0,7.0,11.8838,0.334507,Not Linear,0.06070740000000001,1.0,7.0,15.2604,0.22372399999999998,Not Linear,0.044819300000000006,1.0,6.0,14.4515,0.24920799999999999,Not Linear
84,500,2,Directed Random Tree (Reversed),1,5,5,False,N01,True,network,0.5,True,0.25,0.01,0.103503,1.0,1.0,31.6072,0.310224,Not Linear,0.136383,1.0,2.0,27.8468,0.441993,Not Linear,0.15524200000000002,1.0,1.0,23.0434,0.447089,Not Linear
85,500,13,Random k-out (k=10) #a,10,125,N/4,True,N01,True,network,0.5,True,0.25,0.25,0.595485,1.0,3.0,29.2536,0.43492700000000006,Linear,0.496515,1.0,2.0,32.6097,0.124945,Not Linear,0.587368,1.0,2.0,22.4078,0.358687,Linear
86,100,6,Erdos-Renyi Random #2b,41,25,N/4,True,U-11,True,network,0.5,False,0.1,0.25,0.299655,1.0,8.0,11.4434,0.436547,Not Linear,0.382774,1.0,7.0,16.2275,0.526824,Not Linear,0.395638,1.0,9.0,13.425999999999998,0.39516599999999996,Not Linear
87,500,10,Scale-Free #2b,7,1,1,True,U-11,True,agent,0.5,False,0.1,0.002,0.6407229999999999,1.0,4.0,4778.93,0.741188,Linear,0.675254,1.0,6.0,4940.9,0.664462,Linear,0.699893,1.0,8.0,8307.72,0.864757,Linear
88,500,6,Erdos-Renyi Random #2b,99,5,5,True,U-11,True,agent,0.5,True,0.1,0.01,,0.0,28.0,20588.9,0.320394,Invalid,,0.0,27.0,39039.9,0.341609,Invalid,,0.0,22.0,38791.5,0.422645,Invalid
89,500,10,Scale-Free #2b,7,125,N/4,False,U-11,True,network,1.0,True,0.1,0.25,0.0275401,0.0,3.0,52.1215,0.11076099999999998,Not Linear,-0.000378597,0.0,2.0,65.0156,0.231213,Not Linear,0.06068919999999999,1.0,2.0,55.3413,0.328244,Not Linear
90,500,5,Erdos-Renyi Random #2a,95,125,N/4,False,U-11,True,network,1.0,False,0.1,0.25,,0.0,6.0,53.4757,0.48953900000000006,Invalid,,0.0,6.0,62.2008,0.395575,Invalid,,0.0,6.0,40.1333,0.40031,Invalid
91,500,12,Random k-out (k=3) #b,3,5,5,False,U01,True,network,1.0,False,0.0,0.01,0.14078800000000002,1.0,0.0,52.6113,0.33766799999999997,Not Linear,0.144899,1.0,2.0,46.6279,0.459362,Not Linear,0.137464,1.0,0.0,41.0233,0.320482,Not Linear
92,100,6,Erdos-Renyi Random #2b,41,5,5,False,U-11,True,agent,1.0,True,0.1,0.05,0.548617,1.0,20.0,1409.05,0.427692,Linear,0.5941270000000001,1.0,15.0,1557.3,0.373089,Linear,0.46164799999999995,1.0,22.0,1352.3,0.301816,Not Linear
93,100,8,Scale-Free #1b,6,25,N/4,True,U-11,True,network,0.5,True,0.1,0.25,0.0429252,0.0,7.0,13.0873,0.20884,Not Linear,0.0503018,1.0,7.0,13.5137,0.17743,Not Linear,0.051920100000000004,0.0,7.0,14.3119,0.196874,Not Linear
94,500,1,Directed Random Tree,5,125,N/4,True,U01,True,agent,1.0,False,0.0,0.25,0.999718,1.0,2.0,4198.21,0.999741,Linear,0.999927,1.0,3.0,9183.18,0.9999299999999999,Linear,0.9999809999999999,1.0,2.0,13992.3,0.9999879999999999,Linear
95,500,10,Scale-Free #2b,7,5,5,True,U-11,True,network,1.0,False,0.1,0.01,0.0569121,0.0,5.0,55.428000000000004,0.131051,Not Linear,0.0258943,0.0,5.0,62.5207,0.175808,Not Linear,0.0134423,0.0,5.0,39.5389,0.159434,Not Linear
96,500,6,Erdos-Renyi Random #2b,99,1,1,True,U-11,True,network,1.0,True,0.0,0.002,,0.0,0.0,52.6024,0.248376,Invalid,,0.0,1.0,46.5524,0.362831,Invalid,,0.0,0.0,41.183,0.160502,Invalid
97,100,13,Random k-out (k=10) #a,10,25,N/4,False,U-11,False,agent,0.5,True,0.0,0.25,0.429516,1.0,28.0,3504.38,0.5313939999999999,Not Linear,0.409847,1.0,23.0,4161.32,0.477633,Not Linear,0.439173,1.0,22.0,3719.27,0.434488,Not Linear
98,100,2,Directed Random Tree (Reversed),1,25,N/4,False,U-11,False,agent,1.0,False,0.25,0.25,0.795664,1.0,42.0,24998100.0,0.9999790000000001,Linear,0.7678229999999999,1.0,40.0,4249490000000.0,-1.0,Linear,0.36676,1.0,52.0,489078.0,-0.581441,Not Linear
99,500,11,Random k-out (k=3) #a,3,1,1,False,N01,False,agent,0.5,False,0.1,0.002,0.816602,1.0,39.0,4.10651e+67,0.601787,Linear,,0.0,49.0,4.001530000000001e+151,,Invalid,,0.0,71.0,1.2379500000000006e+286,,Invalid
100,100,7,Scale-Free #1a,4,1,1,False,N01,False,no,1.0,True,0.25,0.01,0.0029023000000000005,0.0,4.0,40.528,0.19147999999999998,Not Linear,0.011303,0.0,2.0,36.0789,0.170829,Not Linear,0.031018200000000003,0.0,4.0,36.4202,-0.044286599999999995,Not Linear
101,500,12,Random k-out (k=3) #b,3,500,N,True,N01,False,no,0.5,True,0.1,1.0,0.335548,1.0,3.0,133.19299999999998,0.431001,Not Linear,0.294811,1.0,2.0,121.87100000000001,0.434408,Not Linear,0.312064,1.0,1.0,125.49799999999999,0.443558,Not Linear
102,100,7,Scale-Free #1a,4,100,N,True,N01,False,agent,0.5,False,0.1,1.0,0.999864,1.0,46.0,728961000000000.0,0.9999530000000001,Linear,1.0,1.0,43.0,2.89445e+50,0.9999979999999999,Invalid,1.0,1.0,49.0,2.5557700000000003e+42,1.0,Invalid
103,100,14,Random k-out (k=10) #b,10,5,5,True,U-11,False,agent,1.0,False,0.25,0.05,,0.0,45.0,2.9572000000000006e+176,,Invalid,,0.0,91.0,2.987610000000002e+269,,Invalid,,0.0,99.0,-1.944210000000001e+298,,Invalid
104,100,2,Directed Random Tree (Reversed),1,5,5,True,U-11,False,agent,1.0,True,0.0,0.05,0.0748023,1.0,17.0,404.019,0.275099,Not Linear,0.061146400000000004,1.0,24.0,387.085,-0.157953,Not Linear,0.0572994,1.0,18.0,871.3660000000001,0.225336,Not Linear
105,500,10,Scale-Free #2b,7,500,N,False,U01,False,agent,0.5,True,0.1,1.0,0.968462,1.0,2.0,512.239,0.98,Linear,0.971708,1.0,0.0,534.63,0.9837459999999999,Linear,0.973052,1.0,0.0,523.097,0.988477,Linear
106,500,5,Erdos-Renyi Random #2a,95,125,N/4,False,U01,False,agent,1.0,False,0.25,0.25,0.9787379999999999,1.0,0.0,908.169,0.9803729999999999,Linear,0.985142,1.0,0.0,963.0319999999999,0.980923,Linear,0.979089,1.0,0.0,901.4680000000001,0.9855659999999999,Linear
107,100,14,Random k-out (k=10) #b,10,5,5,False,U01,False,no,1.0,False,0.0,0.05,0.9999,1.0,24.0,1.5080900000000003e+152,0.0,Linear,,0.0,,,,Invalid,,0.0,,,,Invalid
108,100,11,Random k-out (k=3) #a,3,25,N/4,True,U01,False,agent,0.5,True,0.25,0.25,0.7267859999999999,1.0,2.0,51.5695,0.674729,Linear,0.7438229999999999,1.0,1.0,60.8122,0.745201,Linear,0.777292,1.0,0.0,59.6005,0.7245119999999999,Linear
109,100,2,Directed Random Tree (Reversed),1,25,N/4,True,U-11,False,no,0.5,False,0.0,0.25,0.32359299999999996,1.0,1.0,20.1774,0.522489,Not Linear,0.436337,1.0,0.0,25.2302,0.6825319999999999,Not Linear,0.34575700000000004,1.0,3.0,21.5972,0.5680470000000001,Not Linear
110,500,10,Scale-Free #2b,7,5,5,True,U01,False,agent,1.0,False,0.1,0.01,0.9650190000000001,1.0,1.0,780.809,0.9806440000000001,Linear,0.965945,1.0,1.0,788.785,0.9834639999999999,Linear,0.9706020000000001,1.0,0.0,784.4960000000001,0.985512,Linear
111,500,5,Erdos-Renyi Random #2a,95,1,1,True,U01,False,agent,1.0,True,0.1,0.002,-1.61006,0.0,0.0,60.1369,0.25548200000000004,Not Linear,0.154449,0.0,2.0,54.43899999999999,0.22985500000000003,Not Linear,0.0417563,0.0,0.0,47.8922,0.28525900000000004,Not Linear
112,100,8,Scale-Free #1b,6,25,N/4,False,N01,True,agent,1.0,True,0.1,0.25,0.633549,1.0,7.0,135.02,0.6515270000000001,Linear,0.629749,1.0,13.0,121.89200000000001,0.513651,Linear,0.66708,1.0,22.0,104.22399999999999,0.6434350000000001,Linear
113,500,3,Erdos-Renyi Random #1a,38,125,N/4,False,N01,True,no,1.0,False,0.25,0.25,,0.0,,,,Invalid,,0.0,,,,Invalid,,0.0,,,,Invalid
114,500,10,Scale-Free #2b,7,5,5,False,N01,True,no,0.5,False,0.1,0.01,0.07089839999999999,0.0,32.0,89.3823,0.191477,Not Linear,0.0806423,0.0,33.0,87.4764,0.343411,Not Linear,0.104593,0.0,33.0,122.5,0.29383000000000004,Not Linear
115,500,7,Scale-Free #1a,12,1,1,False,N01,True,agent,1.0,True,0.1,0.002,0.203256,1.0,11.0,86.2759,0.42044,Not Linear,0.209031,1.0,16.0,78.4662,0.4729,Not Linear,0.215929,1.0,11.0,60.4553,0.376471,Not Linear
116,500,9,Scale-Free #2a,5,500,N,True,U-11,True,agent,0.5,True,0.1,1.0,0.435497,1.0,16.0,262.532,0.703436,Not Linear,0.457746,1.0,13.0,186.99900000000002,0.744209,Not Linear,0.447632,1.0,15.0,168.3,0.750034,Not Linear
117,500,6,Erdos-Renyi Random #2b,99,125,N/4,True,N01,True,agent,0.5,False,0.1,0.25,,0.0,,,,Invalid,,0.0,,,,Invalid,,0.0,,,,Invalid
118,500,14,Random k-out (k=10) #b,10,5,5,True,U-11,True,no,1.0,False,0.25,0.01,0.37597800000000003,1.0,31.0,8.127850000000001e+49,0.466334,Not Linear,0.711717,1.0,31.0,1.0062200000000002e+122,0.0,Linear,,0.0,41.0,1.2285500000000006e+242,,Invalid
119,100,7,Scale-Free #1a,4,5,5,True,U-11,True,no,0.5,True,0.1,0.05,0.0349864,0.0,5.0,16.151,-0.0783356,Not Linear,0.00135979,0.0,1.0,14.8732,0.219113,Not Linear,0.05648619999999999,0.0,4.0,14.0512,0.203085,Not Linear
120,500,9,Scale-Free #2a,5,125,N/4,False,U01,True,no,1.0,True,0.0,0.25,0.875434,1.0,2.0,185.12099999999998,0.935665,Linear,0.853957,1.0,5.0,122.03,0.8697540000000001,Linear,0.8727950000000001,1.0,3.0,125.96600000000001,0.938832,Linear
121,500,5,Erdos-Renyi Random #2a,95,500,N,False,U-11,True,no,0.5,False,0.25,1.0,,0.0,,,,Invalid,,0.0,,,,Invalid,,0.0,,,,Invalid
122,100,10,Scale-Free #2b,5,5,5,False,U-11,True,no,1.0,False,0.0,0.05,0.0387249,1.0,1.0,28.1697,0.21557300000000001,Not Linear,0.0394684,0.0,2.0,35.0357,0.2867,Not Linear,0.07807760000000001,1.0,0.0,24.739,0.174619,Not Linear
123,500,2,Directed Random Tree (Reversed),1,5,5,False,U-11,True,no,1.0,True,0.25,0.01,0.174232,1.0,1.0,50.6559,0.519489,Not Linear,0.20531999999999997,1.0,3.0,54.4075,0.43040500000000004,Not Linear,0.149427,1.0,2.0,45.3538,0.39276500000000003,Not Linear
124,100,13,Random k-out (k=10) #a,10,100,N,True,U-11,True,agent,1.0,True,0.25,1.0,0.46976999999999997,1.0,34.0,6101.27,0.574963,Not Linear,0.404724,1.0,22.0,16159.7,0.5645479999999999,Not Linear,0.47290600000000005,1.0,33.0,4138.0,0.42803900000000006,Not Linear
125,100,2,Directed Random Tree (Reversed),1,100,N,True,U-11,True,no,0.5,False,0.1,1.0,0.160669,1.0,1.0,14.5655,0.343815,Not Linear,0.232027,1.0,0.0,15.8162,0.395415,Not Linear,0.124911,1.0,4.0,14.4723,0.376632,Not Linear
126,100,12,Random k-out (k=3) #b,3,1,1,True,U-11,True,agent,0.5,False,0.1,0.01,0.868,1.0,47.0,2.02879e+62,0.762794,Linear,,1.0,45.0,3.738170000000001e+161,,Invalid,,0.0,69.0,6.169990000000003e+270,,Invalid
127,100,3,Erdos-Renyi Random #1a,15,1,1,True,U01,True,no,1.0,True,0.1,0.01,0.0990552,1.0,8.0,28.4566,0.220717,Not Linear,0.12106600000000001,1.0,4.0,32.8786,0.17902300000000002,Not Linear,0.128423,1.0,4.0,35.7655,0.39581500000000003,Not Linear
128,500,8,Scale-Free #1b,24,125,N/4,False,U-11,False,agent,1.0,False,0.1,0.25,1.0,1.0,40.0,6.298030000000002e+79,0.0,Invalid,1.0,1.0,56.0,3.956520000000001e+150,0.0,Invalid,,0.0,77.0,8.392300000000003e+176,,Invalid
129,500,3,Erdos-Renyi Random #1a,38,5,5,True,U-11,True,no,0.5,False,0.25,0.01,0.73675,1.0,22.0,2.1574100000000004e+104,0.0,Linear,,0.0,37.0,4.275330000000002e+258,,Invalid,,0.0,,,,Invalid
130,1000,9,Scale-Free #2a,5,1,1,True,U-11,True,no,0.5,True,0.1,0.001,0.0221746,0.0,2.0,38.8844,0.229115,Not Linear,0.0813752,1.0,3.0,37.9805,0.22864400000000001,Not Linear,0.042069,1.0,1.0,41.6938,0.0888687,Not Linear
131,1000,6,Erdos-Renyi Random #2b,98,1000,N,True,U01,True,no,0.5,True,0.1,1.0,,0.0,9.0,2031160000000000.0,0.902551,Invalid,,0.0,11.0,1307220000000000.0,0.9075120000000001,Invalid,,0.0,11.0,1583900000000000.0,0.895978,Invalid
132,500,12,Random k-out (k=3) #b,3,125,N/4,True,U-11,True,no,0.5,False,0.1,0.25,0.35592399999999996,1.0,34.0,410.647,0.38609299999999996,Not Linear,0.443799,1.0,45.0,1879.74,0.596266,Not Linear,0.87297,1.0,41.0,487432.0,-0.2411,Linear
133,500,7,Scale-Free #1a,12,5,5,False,U01,True,no,1.0,False,0.0,0.01,1.0,1.0,45.0,1.6624e+55,0.999817,Invalid,1.0,1.0,45.0,9.811170000000002e+134,0.0,Invalid,,0.0,61.0,5.0610600000000024e+250,,Invalid
134,500,9,Scale-Free #2a,5,1,1,False,U01,True,agent,0.5,True,0.1,0.002,0.389393,1.0,10.0,34.9333,0.663305,Not Linear,0.392685,1.0,6.0,45.2452,0.644096,Not Linear,0.47051099999999996,1.0,3.0,34.7898,0.7634850000000001,Not Linear
135,1000,6,Erdos-Renyi Random #2b,98,250,N/4,False,U-11,True,no,1.0,True,0.1,0.25,,0.0,10.0,637490.0,0.396431,Invalid,,0.0,8.0,634246.0,0.423329,Invalid,,0.0,7.0,684381.0,0.5001479999999999,Invalid
136,500,13,Random k-out (k=10) #a,10,125,N/4,False,U01,True,agent,1.0,False,0.25,0.25,0.997641,1.0,0.0,1124.86,0.9974120000000001,Linear,0.998708,1.0,0.0,1636.21,0.9987010000000001,Linear,0.9995200000000001,1.0,1.0,2059.29,0.999476,Linear
137,1000,7,Scale-Free #1a,28,1,1,True,U-11,True,agent,0.5,False,0.1,0.001,1.0,1.0,43.0,7.00802e+42,0.9685969999999999,Invalid,1.0,1.0,45.0,2.8516500000000008e+104,0.0,Invalid,,0.0,52.0,2.123100000000001e+200,,Invalid
138,500,13,Random k-out (k=10) #a,10,1,1,True,N01,True,agent,1.0,True,0.1,0.002,0.0492124,0.0,20.0,94.8338,0.090616,Not Linear,0.0851063,1.0,14.0,106.65299999999999,0.266573,Not Linear,0.132249,1.0,14.0,123.226,0.287075,Not Linear
139,1000,2,Directed Random Tree (Reversed),1,250,N/4,True,U-11,True,no,1.0,True,0.1,0.25,0.34242100000000003,1.0,1.0,62.6165,0.6425569999999999,Not Linear,0.23546199999999998,1.0,0.0,77.9776,0.5035810000000001,Not Linear,0.28371,1.0,1.0,93.1718,0.565077,Not Linear
140,1000,12,Random k-out (k=3) #b,3,1000,N,True,U-11,True,no,1.0,False,0.0,1.0,0.4996,1.0,29.0,1906.44,0.488588,Not Linear,0.580205,1.0,40.0,62476.0,0.815397,Linear,0.732685,1.0,42.0,28945200.0,0.293364,Linear
141,500,2,Directed Random Tree (Reversed),1,5,5,False,U-11,True,agent,1.0,False,0.0,0.01,0.9999549999999999,1.0,2.0,7210.65,0.999978,Linear,0.9999790000000001,1.0,0.0,11102.3,0.9999889999999999,Linear,0.9999899999999999,1.0,2.0,16754.8,0.9999959999999999,Linear
142,1000,10,Scale-Free #2b,7,5,5,False,N01,True,no,1.0,True,0.25,0.005,0.0127181,0.0,0.0,98.2281,0.15681199999999998,Not Linear,0.0189416,0.0,1.0,98.0451,0.145895,Not Linear,-0.0139977,0.0,3.0,98.8219,0.120722,Not Linear
143,500,6,Erdos-Renyi Random #2b,99,500,N,False,N01,True,no,1.0,True,0.0,1.0,,0.0,29.0,7029930000000.0,0.391489,Invalid,,0.0,24.0,16384800000000.0,0.32982,Invalid,,0.0,23.0,12992700000000.0,0.347965,Invalid
144,500,10,Scale-Free #2b,7,125,N/4,False,U-11,True,no,0.5,False,0.1,0.25,0.0376732,0.0,5.0,26.9501,0.24977199999999997,Not Linear,0.024414599999999998,0.0,1.0,37.3889,0.208731,Not Linear,0.09280110000000001,0.0,0.0,29.1714,0.230737,Not Linear
145,500,7,Scale-Free #1a,12,5,5,True,U01,False,agent,1.0,False,0.1,0.01,0.9743360000000001,1.0,0.0,878.515,0.9775790000000001,Linear,0.969986,1.0,2.0,880.45,0.972744,Linear,0.9766290000000001,1.0,2.0,852.439,0.9805520000000001,Linear
146,500,10,Scale-Free #2b,7,5,5,True,U-11,False,no,1.0,True,0.0,0.01,0.08317089999999999,1.0,1.0,57.9455,0.204311,Not Linear,0.125047,1.0,1.0,68.2592,0.260954,Not Linear,0.0795275,0.0,3.0,65.6151,0.19029200000000002,Not Linear
147,1000,4,Erdos-Renyi Random #1b,80,250,N/4,True,U01,False,no,0.5,True,0.25,0.25,0.9948620000000001,1.0,4.0,854492000000.0,0.801242,Linear,0.994158,1.0,7.0,815739000000.0,0.747372,Linear,0.9929690000000001,1.0,3.0,718084000000.0,0.713899,Linear
148,1000,11,Random k-out (k=3) #a,3,250,N/4,True,U-11,False,no,0.5,False,0.1,0.25,0.358754,1.0,24.0,492.251,0.280451,Not Linear,0.325218,1.0,29.0,601.625,0.38341,Not Linear,0.449999,1.0,39.0,811.581,0.427598,Not Linear
149,500,7,Scale-Free #1a,12,5,5,False,U01,False,no,0.5,False,0.1,0.01,0.9999979999999999,1.0,25.0,8.991480000000001e+61,0.9985809999999999,Linear,1.0,1.0,25.0,4.8142500000000015e+151,0.0,Invalid,,0.0,41.0,2.467300000000001e+287,,Invalid
150,500,10,Scale-Free #2b,7,5,5,False,U01,False,no,0.5,True,0.25,0.01,0.8617530000000001,1.0,1.0,390.506,0.911609,Linear,0.8561709999999999,1.0,3.0,388.222,0.9237270000000001,Linear,0.8748360000000001,1.0,2.0,400.981,0.938577,Linear
151,500,4,Erdos-Renyi Random #1b,44,125,N/4,False,U-11,False,no,1.0,True,0.1,0.25,0.41370100000000004,1.0,3.0,1376.73,0.398486,Not Linear,0.46853999999999996,1.0,4.0,1209.5,0.505538,Not Linear,0.41706099999999996,1.0,8.0,875.2819999999999,0.356036,Not Linear
152,1000,9,Scale-Free #2a,5,250,N/4,False,U-11,False,no,1.0,False,0.1,0.25,0.039001999999999995,0.0,9.0,100.28200000000001,0.101168,Not Linear,0.053199800000000005,0.0,5.0,104.54,0.0996937,Not Linear,0.0371096,0.0,5.0,108.945,0.12879300000000002,Not Linear
153,500,7,Scale-Free #1a,12,5,5,True,N01,False,agent,0.5,False,0.1,0.01,1.0,1.0,43.0,1.00299e+60,1.0,Invalid,1.0,1.0,56.0,4.624330000000001e+118,-0.0,Invalid,,0.0,70.0,9.463470000000002e+171,,Invalid
154,500,11,Random k-out (k=3) #a,3,1,1,True,U-11,False,agent,0.5,True,0.0,0.002,-0.026753,0.0,15.0,1029.85,0.0981831,Not Linear,-0.0213384,0.0,15.0,1034.51,0.18218,Not Linear,-0.0212648,0.0,15.0,1022.06,0.102421,Not Linear
155,1000,4,Erdos-Renyi Random #1b,80,250,N/4,True,U-11,False,agent,0.5,True,0.25,0.25,,0.0,30.0,471294000.0,0.456844,Invalid,,0.0,33.0,1671960000.0,0.581104,Invalid,,0.0,33.0,324897000.0,0.393237,Invalid
156,1000,13,Random k-out (k=10) #a,10,250,N/4,True,U-11,False,agent,1.0,False,0.0,0.25,,0.0,98.0,-4.3097900000000023e+294,,Invalid,,0.0,,,,Invalid,,0.0,,,,Invalid
157,500,3,Erdos-Renyi Random #1a,38,1,1,False,N01,False,no,0.5,False,0.0,0.002,0.482317,1.0,21.0,1.0881800000000002e+72,0.23618000000000003,Not Linear,,0.0,38.0,2.940700000000001e+178,,Invalid,,0.0,,,,Invalid
158,1000,11,Random k-out (k=3) #a,3,5,5,False,N01,False,agent,1.0,True,0.25,0.005,0.274814,1.0,14.0,15071.0,0.292444,Not Linear,0.16100799999999998,1.0,19.0,12674.6,0.289457,Not Linear,0.206868,1.0,19.0,11741.6,0.341082,Not Linear
159,500,2,Directed Random Tree (Reversed),1,125,N/4,False,U-11,False,agent,0.5,True,0.1,0.25,0.0998325,1.0,21.0,3337.98,0.310336,Not Linear,0.07825019999999999,1.0,23.0,5403.93,0.140932,Not Linear,0.252446,1.0,21.0,5632.52,0.49816800000000006,Not Linear
160,1000,8,Scale-Free #1b,26,250,N/4,False,U-11,False,agent,0.5,False,0.1,0.25,1.0,1.0,48.0,6.047180000000001e+83,-0.0,Invalid,,0.0,54.0,5.282450000000002e+202,,Invalid,,0.0,80.0,3.523880000000002e+202,,Invalid
161,500,5,Erdos-Renyi Random #2a,95,1,1,True,U-11,True,network,1.0,False,0.1,0.002,,0.0,7.0,57.0144,0.156372,Invalid,,0.0,6.0,64.5564,0.194419,Invalid,,0.0,6.0,41.6133,0.332269,Invalid
162,500,8,Scale-Free #1b,24,5,5,True,U01,True,agent,1.0,True,0.1,0.01,0.96173,1.0,8.0,247.855,0.947124,Linear,0.957825,1.0,1.0,348.337,0.97485,Linear,0.961485,1.0,5.0,299.469,0.9682639999999999,Linear
163,1000,3,Erdos-Renyi Random #1a,71,250,N/4,True,U01,True,network,1.0,True,0.1,0.25,0.7103430000000001,1.0,0.0,68.2924,0.322071,Linear,0.682477,1.0,0.0,58.9682,0.41990200000000005,Linear,0.70011,1.0,1.0,84.7415,0.561187,Linear
164,1000,11,Random k-out (k=3) #a,3,250,N/4,True,U01,True,agent,0.5,False,0.1,0.25,0.998257,1.0,1.0,1016.14,0.997632,Linear,0.999193,1.0,2.0,1221.29,0.999157,Linear,0.9996719999999999,1.0,0.0,2080.09,0.999602,Linear
165,500,6,Erdos-Renyi Random #2b,99,5,5,False,U01,True,network,0.5,False,0.1,0.01,,0.0,0.0,26.2955,0.41872299999999996,Invalid,,0.0,2.0,23.3176,0.40053099999999997,Invalid,,0.0,0.0,20.5012,0.33668000000000003,Invalid
166,500,10,Scale-Free #2b,7,5,5,False,U01,True,network,1.0,True,0.25,0.01,0.0470301,1.0,0.0,56.5274,0.241353,Not Linear,0.0743267,0.0,2.0,50.8339,0.35284099999999996,Not Linear,0.0340885,0.0,0.0,42.5521,0.201562,Not Linear
167,500,7,Scale-Free #1a,12,125,N/4,False,U01,True,agent,1.0,True,0.1,0.25,0.9670139999999999,1.0,5.0,307.91700000000003,0.9699959999999999,Linear,0.962411,1.0,1.0,355.06,0.970249,Linear,0.9727049999999999,1.0,2.0,394.661,0.9795379999999999,Linear
168,500,10,Scale-Free #2b,7,125,N/4,False,U01,True,agent,1.0,False,0.1,0.25,0.999949,1.0,0.0,13523.1,0.999875,Linear,0.99995,1.0,5.0,19799.8,0.999899,Linear,0.999959,1.0,2.0,32510.2,0.9998370000000001,Linear
169,1000,4,Erdos-Renyi Random #1b,80,1,1,True,U-11,True,network,1.0,False,0.25,0.001,-0.00259216,0.0,3.0,66.2803,0.25511799999999996,Not Linear,0.0444732,0.0,3.0,56.4042,0.189538,Not Linear,-0.17341099999999998,0.0,4.0,84.2678,0.28324499999999997,Not Linear
170,1000,12,Random k-out (k=3) #b,3,1,1,True,U-11,True,agent,1.0,True,0.1,0.001,0.0054871,0.0,16.0,96.1941,0.08239289999999999,Not Linear,0.036704099999999996,0.0,18.0,160.40200000000002,0.195935,Not Linear,0.0179321,0.0,11.0,135.72799999999998,0.09403330000000001,Not Linear
171,1000,1,Directed Random Tree,5,250,N/4,True,U-11,True,agent,0.5,True,0.1,0.25,0.36081799999999997,1.0,14.0,509.517,0.703304,Not Linear,0.361275,1.0,21.0,522.761,0.35631,Not Linear,0.38979,1.0,19.0,628.888,0.610917,Not Linear
172,1000,12,Random k-out (k=3) #b,3,250,N/4,True,U-11,True,agent,1.0,False,0.0,0.25,,0.0,43.0,6.467350000000002e+181,,Invalid,,0.0,,,,Invalid,,0.0,,,,Invalid
173,1000,3,Erdos-Renyi Random #1a,71,5,5,False,N01,True,network,1.0,False,0.0,0.005,0.184789,0.0,3.0,71.1787,0.485595,Not Linear,0.22644099999999998,0.0,3.0,57.8573,0.303687,Not Linear,0.114926,0.0,4.0,92.1719,0.361514,Not Linear
174,1000,11,Random k-out (k=3) #a,3,1,1,False,N01,True,network,0.5,True,0.25,0.001,-0.0114538,0.0,1.0,34.2596,0.0870751,Not Linear,-0.000943554,0.0,1.0,29.1542,0.16839300000000001,Not Linear,-0.00392226,0.0,2.0,42.3156,-0.00562897,Not Linear
175,1000,6,Erdos-Renyi Random #2b,98,1000,N,False,U-11,True,agent,1.0,True,0.0,1.0,,0.0,38.0,8161570000.0,0.519566,Invalid,,0.0,40.0,8539610000.0,0.6904779999999999,Invalid,,0.0,37.0,13907000000.0,0.613725,Invalid
176,500,12,Random k-out (k=3) #b,3,125,N/4,False,U-11,True,agent,1.0,False,0.25,0.25,,0.0,46.0,2.757160000000001e+175,,Invalid,,0.0,96.0,8.564770000000006e+300,,Invalid,,0.0,,,,Invalid
177,1000,4,Erdos-Renyi Random #1b,80,5,5,True,U01,False,agent,1.0,False,0.1,0.005,0.9797520000000001,1.0,1.0,1426.29,0.9760200000000001,Linear,0.9761479999999999,1.0,0.0,1493.24,0.978267,Linear,0.975123,1.0,0.0,1451.65,0.9656129999999999,Linear
178,1000,13,Random k-out (k=10) #a,10,1,1,True,U01,False,agent,0.5,True,0.1,0.001,-0.0121777,0.0,0.0,126.11399999999999,0.234731,Not Linear,0.0104794,0.0,0.0,122.03299999999999,0.188296,Not Linear,-0.044276300000000005,0.0,1.0,131.237,0.123581,Not Linear
179,1000,6,Erdos-Renyi Random #2b,98,250,N/4,True,U01,False,network,0.5,True,0.25,0.25,,0.0,0.0,34.1605,0.46238,Invalid,,0.0,0.0,29.4967,0.382077,Invalid,,0.0,1.0,42.3837,0.509754,Invalid
180,500,14,Random k-out (k=10) #b,10,500,N,True,U01,False,agent,1.0,False,0.0,1.0,0.921406,1.0,0.0,683.5260000000001,0.903127,Linear,0.9211370000000001,1.0,0.0,692.482,0.9357030000000001,Linear,0.907791,1.0,4.0,656.1560000000001,0.9076620000000001,Linear
181,1000,1,Directed Random Tree,5,5,5,False,U01,False,network,1.0,False,0.0,0.005,0.149668,1.0,0.0,68.6803,0.522039,Not Linear,0.16481300000000002,1.0,0.0,59.3672,0.28186100000000003,Not Linear,0.10397999999999999,1.0,1.0,85.1397,0.29825999999999997,Not Linear
182,1000,11,Random k-out (k=3) #a,3,5,5,False,U-11,False,network,1.0,True,0.1,0.005,0.306026,1.0,1.0,68.9985,0.462791,Not Linear,0.221421,1.0,1.0,61.7766,0.391646,Not Linear,0.372933,1.0,2.0,86.4303,0.44658100000000006,Not Linear
183,500,4,Erdos-Renyi Random #1b,44,500,N,False,U01,False,agent,0.5,True,0.0,1.0,0.947742,1.0,0.0,79.9352,0.686276,Linear,0.941594,1.0,0.0,80.0816,0.8388329999999999,Linear,0.937068,1.0,0.0,80.2981,0.7175050000000001,Linear
184,500,8,Scale-Free #1b,24,125,N/4,False,U-11,False,network,0.5,False,0.25,0.25,-0.0106251,0.0,2.0,28.7399,0.199707,Not Linear,-0.012054500000000001,0.0,2.0,33.9888,0.298953,Not Linear,0.0431544,0.0,2.0,21.2882,0.262148,Not Linear
185,500,4,Erdos-Renyi Random #1b,44,5,5,True,U-11,False,agent,0.5,False,0.25,0.01,,0.0,67.0,3.833870000000002e+272,,Invalid,,0.0,,,,Invalid,,0.0,,,,Invalid
186,1000,10,Scale-Free #2b,7,5,5,True,U-11,False,network,0.5,True,0.0,0.005,0.07904850000000001,0.0,4.0,35.1463,0.24906999999999999,Not Linear,0.057074099999999996,1.0,5.0,29.8845,0.332099,Not Linear,-0.027112,0.0,4.0,41.5694,0.0892923,Not Linear
187,500,4,Erdos-Renyi Random #1b,44,125,N/4,True,N01,False,agent,0.5,True,0.25,0.25,0.841518,1.0,33.0,1796960.0,0.499342,Linear,0.794111,1.0,30.0,2039660.0,0.397892,Linear,0.8063060000000001,1.0,31.0,1773870.0,0.477041,Linear
188,1000,11,Random k-out (k=3) #a,3,250,N/4,True,N01,False,agent,0.5,False,0.0,0.25,0.906071,1.0,44.0,5.266790000000001e+153,0.0,Linear,,0.0,97.0,7.261170000000004e+306,,Invalid,,0.0,,,,Invalid
189,1000,2,Directed Random Tree (Reversed),1,1,1,False,U-11,False,agent,1.0,False,0.1,0.001,0.130313,1.0,40.0,19924900.0,-0.0186539,Not Linear,0.167302,1.0,44.0,15535100.0,-0.218744,Not Linear,0.13755799999999999,1.0,39.0,130495000.0,-0.317337,Not Linear
190,1000,12,Random k-out (k=3) #b,3,1,1,False,N01,False,network,0.5,True,0.1,0.001,0.0140641,0.0,5.0,35.9815,0.20219,Not Linear,0.00234929,0.0,3.0,41.5551,0.05853869999999999,Not Linear,-0.00193448,0.0,4.0,41.8145,0.13887,Not Linear
191,1000,1,Directed Random Tree,5,1000,N,False,N01,False,network,1.0,True,0.1,1.0,0.360763,1.0,0.0,71.6798,0.607919,Not Linear,0.41764300000000004,1.0,0.0,61.8025,0.48674700000000004,Not Linear,0.372058,1.0,1.0,83.7513,0.574612,Not Linear
192,1000,14,Random k-out (k=10) #b,10,1000,N,False,N01,False,agent,0.5,False,0.25,1.0,,0.0,83.0,3.402820000000002e+299,,Invalid,,0.0,,,,Invalid,,0.0,,,,Invalid
193,1000,6,Erdos-Renyi Random #2b,98,5,5,True,U-11,True,no,2.0,False,0.25,0.005,,0.0,19.0,2.533520000000001e+186,,Invalid,,0.0,,,,Invalid,,0.0,,,,Invalid
194,500,13,Random k-out (k=10) #a,10,5,5,True,U01,True,no,2.0,True,0.0,0.01,0.984942,1.0,0.0,1004.69,0.8723870000000001,Linear,0.9822860000000001,1.0,1.0,934.7460000000001,0.871949,Linear,0.9849969999999999,1.0,1.0,964.318,0.764518,Linear
195,1000,5,Erdos-Renyi Random #2a,100,250,N/4,True,U01,True,no,2.0,True,0.25,0.25,,0.0,7.0,1317120000000000.0,0.919378,Invalid,,0.0,10.0,908866000000000.0,0.91284,Invalid,,0.0,9.0,1050010000000000.0,0.910567,Invalid
196,500,11,Random k-out (k=3) #a,3,500,N,True,U-11,True,no,2.0,False,0.0,1.0,0.402093,1.0,35.0,824.273,0.568488,Not Linear,0.771157,1.0,46.0,5051.45,0.803884,Linear,0.972453,1.0,46.0,83888.7,0.939024,Linear
197,1000,3,Erdos-Renyi Random #1a,71,5,5,False,U-11,True,agent,2.0,False,0.0,0.005,,0.0,88.0,1.0279200000000006e+297,,Invalid,,0.0,,,,Invalid,,0.0,,,,Invalid
198,1000,13,Random k-out (k=10) #a,10,5,5,False,U-11,True,no,1.0,True,0.1,0.005,0.449686,1.0,0.0,144.97899999999998,0.48624399999999995,Not Linear,0.346978,1.0,3.0,129.858,0.43568199999999996,Not Linear,0.31797600000000004,1.0,7.0,152.675,0.41023699999999996,Not Linear
199,1000,4,Erdos-Renyi Random #1b,80,250,N/4,False,U01,True,agent,2.0,True,0.0,0.25,0.9184209999999999,1.0,0.0,270.84,0.733116,Linear,0.900418,1.0,0.0,209.13299999999998,0.621271,Linear,0.8817870000000001,1.0,2.0,299.565,0.6932,Linear
200,1000,12,Random k-out (k=3) #b,3,1000,N,False,U01,True,agent,1.0,False,0.1,1.0,0.997743,1.0,3.0,1667.24,0.996923,Linear,0.999341,1.0,0.0,3504.8,0.99945,Linear,0.999607,1.0,2.0,3486.85,0.9995940000000001,Linear
201,1000,1,Directed Random Tree,5,5,5,True,N01,True,no,1.0,False,0.25,0.005,0.665956,1.0,38.0,33028.9,0.299721,Linear,0.983532,1.0,39.0,30767700.0,0.842952,Linear,0.999985,1.0,45.0,823671000.0,0.9643639999999999,Linear
202,1000,12,Random k-out (k=3) #b,3,5,5,True,N01,True,agent,1.0,True,0.1,0.005,0.155807,1.0,17.0,3098.64,0.371461,Not Linear,0.09441820000000001,1.0,18.0,2923.35,0.249121,Not Linear,0.144968,1.0,16.0,4719.33,0.142319,Not Linear
203,500,7,Scale-Free #1a,12,500,N,True,N01,True,agent,2.0,True,0.1,1.0,0.44315200000000005,1.0,21.0,1110.37,0.362002,Not Linear,0.35893800000000003,1.0,19.0,1620.96,0.702166,Not Linear,0.5449109999999999,1.0,17.0,1181.96,0.747491,Linear
204,500,9,Scale-Free #2a,5,500,N,True,N01,True,agent,2.0,False,0.0,1.0,0.991841,1.0,49.0,925767.0,0.9517049999999999,Linear,0.999999,1.0,43.0,5539920000000000.0,0.99608,Linear,1.0,1.0,48.0,2.03812e+20,0.998934,Invalid
205,500,3,Erdos-Renyi Random #1a,38,5,5,False,U-11,True,agent,1.0,False,0.1,0.01,,0.0,64.0,7.751840000000004e+268,,Invalid,,0.0,,,,Invalid,,0.0,,,,Invalid
206,1000,9,Scale-Free #2a,5,1,1,False,N01,True,agent,2.0,True,0.1,0.001,0.171655,1.0,5.0,192.62099999999998,0.547335,Not Linear,0.130434,1.0,8.0,124.463,0.37495300000000004,Not Linear,0.156263,1.0,3.0,231.113,0.48559399999999997,Not Linear
207,1000,7,Scale-Free #1a,28,1000,N,False,U-11,True,agent,2.0,True,0.0,1.0,0.31617199999999995,1.0,17.0,4260.67,0.5889979999999999,Not Linear,0.274543,1.0,17.0,4403.86,0.600526,Not Linear,0.44264799999999993,1.0,14.0,4975.29,0.6341979999999999,Not Linear
208,500,13,Random k-out (k=10) #a,10,125,N/4,False,N01,True,no,2.0,False,0.25,0.25,,0.0,44.0,5.114000000000002e+199,,Invalid,,0.0,,,,Invalid,,0.0,,,,Invalid
209,500,6,Erdos-Renyi Random #2b,99,5,5,True,U-11,False,agent,1.0,False,0.1,0.01,,0.0,86.0,1.2001100000000007e+288,,Invalid,,0.0,,,,Invalid,,0.0,,,,Invalid
210,500,8,Scale-Free #1b,24,1,1,True,U-11,False,agent,2.0,False,0.1,0.002,1.0,1.0,48.0,8.798500000000001e+38,0.9961610000000001,Invalid,1.0,1.0,45.0,1.1592900000000002e+95,-0.0,Invalid,,0.0,51.0,1.0615100000000003e+179,,Invalid
211,1000,7,Scale-Free #1a,28,250,N/4,True,U-11,False,no,2.0,False,0.1,0.25,0.9999969999999999,1.0,44.0,16273200.0,0.932889,Linear,1.0,1.0,38.0,1.97798e+17,0.916272,Invalid,1.0,1.0,49.0,2.1936e+22,0.9590860000000001,Invalid
212,500,13,Random k-out (k=10) #a,10,125,N/4,True,U01,False,no,2.0,False,0.0,0.25,,0.0,21.0,5.688570000000002e+207,,Invalid,,0.0,,,,Invalid,,0.0,,,,Invalid
213,500,2,Directed Random Tree (Reversed),1,5,5,False,U01,False,no,2.0,False,0.0,0.01,0.567275,1.0,3.0,679.4910000000001,0.747696,Linear,0.6148100000000001,1.0,0.0,714.904,0.8354969999999999,Linear,0.614697,1.0,2.0,649.66,0.8368030000000001,Linear
214,1000,9,Scale-Free #2a,5,5,5,False,U-11,False,no,2.0,True,0.1,0.005,0.047519099999999995,1.0,3.0,169.935,0.163945,Not Linear,0.060334900000000004,1.0,4.0,121.28399999999999,0.18798,Not Linear,0.0431887,1.0,2.0,155.701,0.132249,Not Linear
215,500,5,Erdos-Renyi Random #2a,95,500,N,False,U-11,False,agent,2.0,True,0.1,1.0,,0.0,41.0,349047000.0,0.628272,Invalid,,0.0,36.0,648941000.0,0.559796,Invalid,,0.0,35.0,1258860000.0,0.712344,Invalid
216,500,9,Scale-Free #2a,5,125,N/4,False,U-11,False,agent,2.0,False,0.1,0.25,0.9951110000000001,1.0,48.0,2.9174600000000003e+40,0.09152819999999999,Linear,0.997481,1.0,44.0,2.3142700000000005e+100,0.0,Linear,1.0,1.0,59.0,5.037710000000001e+129,0.0,Invalid
217,500,5,Erdos-Renyi Random #2a,95,5,5,True,U-11,False,no,1.0,False,0.1,0.01,,0.0,26.0,9.320080000000002e+194,,Invalid,,0.0,,,,Invalid,,0.0,,,,Invalid
218,500,10,Scale-Free #2b,7,5,5,True,U-11,False,no,1.0,True,0.1,0.01,0.06781469999999999,1.0,2.0,61.0025,0.221691,Not Linear,0.0815034,1.0,3.0,68.2592,0.24710500000000002,Not Linear,0.0412499,0.0,2.0,65.6151,0.246456,Not Linear
219,500,3,Erdos-Renyi Random #1a,38,125,N/4,True,N01,False,no,1.0,True,0.25,0.25,0.505881,1.0,7.0,550383.0,0.42092700000000005,Linear,0.5306029999999999,1.0,12.0,333962.0,0.370431,Linear,0.44199799999999995,1.0,11.0,538495.0,0.332252,Not Linear
220,1000,9,Scale-Free #2a,5,250,N/4,True,U-11,False,agent,1.0,False,0.1,0.25,1.0,1.0,39.0,1.02439e+25,-0.09231139999999999,Invalid,1.0,1.0,47.0,7.441930000000001e+37,1.0,Invalid,1.0,1.0,52.0,1.24652e+27,-1.0,Invalid
221,1000,7,Scale-Free #1a,28,5,5,False,U-11,False,no,2.0,False,0.1,0.005,1.0,1.0,46.0,2630810000000.0,0.7849,Invalid,1.0,1.0,41.0,5.84355e+32,0.999367,Invalid,1.0,1.0,40.0,1.81055e+67,1.0,Invalid
222,500,14,Random k-out (k=10) #b,10,5,5,False,N01,False,agent,2.0,True,0.25,0.01,0.20981999999999998,1.0,19.0,12196.7,0.36939299999999997,Not Linear,0.261412,1.0,23.0,12107.9,0.171801,Not Linear,0.266011,1.0,26.0,9799.03,0.182425,Not Linear
223,500,5,Erdos-Renyi Random #2a,95,125,N/4,False,U-11,False,no,1.0,True,0.1,0.25,,0.0,9.0,629098.0,0.261561,Invalid,,0.0,5.0,853783.0,0.333415,Invalid,,0.0,8.0,818527.0,0.284855,Invalid
224,500,9,Scale-Free #2a,5,500,N,False,U-11,False,no,1.0,False,0.25,1.0,0.029468900000000003,0.0,1.0,83.2707,0.269561,Not Linear,0.07816569999999999,0.0,1.0,74.6835,0.112685,Not Linear,0.0211824,0.0,1.0,77.1862,0.181197,Not Linear
225,1000,2,Directed Random Tree (Reversed),1,5,5,True,U-11,True,agent,2.0,False,0.25,0.005,0.999984,1.0,4.0,43704.5,0.999992,Linear,0.9999969999999999,1.0,0.0,84131.7,0.999999,Linear,0.999999,1.0,0.0,119428.0,0.999999,Linear
226,1000,13,Random k-out (k=10) #a,10,5,5,True,U-11,True,agent,1.0,True,0.0,0.005,0.17743599999999998,1.0,18.0,12449.5,0.27647,Not Linear,0.20834699999999998,1.0,24.0,20916.4,0.335579,Not Linear,0.131965,1.0,25.0,22209.0,0.183193,Not Linear
227,500,4,Erdos-Renyi Random #1b,44,500,N,True,U01,True,agent,2.0,True,0.1,1.0,0.8724129999999999,1.0,1.0,183.155,0.757836,Linear,0.8760120000000001,1.0,0.0,165.32299999999998,0.755267,Linear,0.877733,1.0,0.0,164.429,0.684991,Linear
228,1000,8,Scale-Free #1b,26,1000,N,True,U01,True,network,1.0,False,0.0,1.0,-0.00461675,0.0,0.0,68.9405,0.215692,Not Linear,0.0369478,0.0,0.0,58.903999999999996,0.241211,Not Linear,0.0304765,0.0,1.0,84.3063,0.21185199999999998,Not Linear
229,500,3,Erdos-Renyi Random #1a,38,1,1,False,U01,True,network,2.0,False,0.1,0.002,-0.0827885,0.0,0.0,105.147,0.163553,Not Linear,-0.043194300000000005,0.0,2.0,93.2019,0.183069,Not Linear,0.017381099999999997,0.0,0.0,81.9379,0.27873200000000004,Not Linear
230,1000,8,Scale-Free #1b,26,1,1,False,U01,True,agent,2.0,True,0.1,0.001,0.149601,1.0,3.0,142.609,0.340729,Not Linear,0.241856,1.0,7.0,184.44799999999998,0.5556810000000001,Not Linear,0.173772,1.0,6.0,146.595,0.40514,Not Linear
231,1000,1,Directed Random Tree,5,250,N/4,False,U-11,True,agent,1.0,True,0.0,0.25,0.46598999999999996,1.0,22.0,919.6510000000001,0.7484689999999999,Not Linear,0.388783,1.0,17.0,923.699,0.440902,Not Linear,0.43561300000000003,1.0,20.0,1036.52,0.531972,Not Linear
232,1000,13,Random k-out (k=10) #a,10,250,N/4,False,U-11,True,agent,1.0,False,0.25,0.25,,0.0,96.0,2.7234100000000014e+283,,Invalid,,0.0,,,,Invalid,,0.0,,,,Invalid
233,500,5,Erdos-Renyi Random #2a,95,1,1,True,N01,True,agent,2.0,False,0.1,0.002,1.0,1.0,35.0,7.609050000000002e+138,-0.0,Invalid,,0.0,77.0,8.803940000000005e+284,,Invalid,,0.0,,,,Invalid
234,500,10,Scale-Free #2b,7,5,5,True,N01,True,agent,1.0,True,0.0,0.01,0.586919,1.0,5.0,347.165,0.768907,Linear,0.635405,1.0,7.0,350.99800000000005,0.706433,Linear,0.69076,1.0,17.0,243.38099999999997,0.912909,Linear
235,1000,1,Directed Random Tree,5,250,N/4,True,N01,True,network,1.0,True,0.25,0.25,0.448452,1.0,0.0,69.4484,0.39601,Not Linear,0.353848,1.0,0.0,58.1667,0.589751,Not Linear,0.37873,1.0,2.0,68.2097,0.510468,Not Linear
236,1000,4,Erdos-Renyi Random #1b,80,5,5,False,N01,True,agent,2.0,False,0.0,0.005,,0.0,85.0,1.493250000000001e+292,,Invalid,,0.0,,,,Invalid,,0.0,,,,Invalid
237,1000,13,Random k-out (k=10) #a,10,5,5,False,U-11,True,network,2.0,True,0.25,0.005,0.540329,1.0,0.0,135.08700000000002,0.523842,Linear,0.5019239999999999,1.0,0.0,122.37899999999999,0.392778,Linear,0.490651,1.0,1.0,169.604,0.48518999999999995,Not Linear
238,500,5,Erdos-Renyi Random #2a,95,125,N/4,False,N01,True,agent,1.0,True,0.1,0.25,,0.0,33.0,57315100.0,0.420124,Invalid,,0.0,35.0,74533700.0,0.418915,Invalid,,0.0,31.0,87636700.0,0.5145890000000001,Invalid
239,500,10,Scale-Free #2b,7,500,N,False,N01,True,agent,1.0,False,0.1,1.0,0.858786,1.0,3.0,14837.6,0.926681,Linear,0.863425,1.0,4.0,15855.3,0.9316969999999999,Linear,0.9038799999999999,1.0,5.0,29089.8,0.9519290000000001,Linear
240,1000,7,Scale-Free #1a,28,5,5,True,U01,False,agent,1.0,False,0.1,0.005,0.9862780000000001,1.0,1.0,1755.62,0.9830700000000001,Linear,0.9862639999999999,1.0,3.0,1713.11,0.988785,Linear,0.9865229999999999,1.0,1.0,1788.06,0.9776959999999999,Linear
241,500,12,Random k-out (k=3) #b,3,5,5,True,U01,False,network,1.0,True,0.0,0.01,0.315602,1.0,0.0,52.8038,0.396753,Not Linear,0.30423,1.0,2.0,46.8596,0.534049,Not Linear,0.350831,1.0,0.0,41.2698,0.414066,Not Linear
242,500,5,Erdos-Renyi Random #2a,95,125,N/4,True,U01,False,network,2.0,True,0.1,0.25,0.770755,0.0,0.0,105.194,0.470839,Not Linear,0.5308149999999999,0.0,2.0,93.2437,0.579187,Not Linear,0.6727890000000001,0.0,0.0,82.0304,0.43628,Not Linear
243,500,8,Scale-Free #1b,24,500,N,True,U01,False,agent,1.0,False,0.1,1.0,0.974856,1.0,2.0,850.1039999999999,0.975806,Linear,0.983166,1.0,0.0,904.3589999999999,0.98645,Linear,0.9821059999999999,1.0,3.0,878.8710000000001,0.986814,Linear
244,500,6,Erdos-Renyi Random #2b,99,1,1,False,U-11,False,agent,2.0,False,0.1,0.002,1.0,1.0,45.0,1.6943800000000003e+132,0.0,Invalid,,0.0,81.0,1.3525800000000006e+277,,Invalid,,0.0,,,,Invalid
245,500,9,Scale-Free #2a,5,5,5,False,U01,False,agent,2.0,True,0.1,0.01,0.787335,1.0,2.0,499.8,0.862819,Linear,0.769243,1.0,2.0,518.986,0.839419,Linear,0.81793,1.0,2.0,479.405,0.8931950000000001,Linear
246,500,1,Directed Random Tree,5,125,N/4,False,U-11,False,network,1.0,True,0.0,0.25,0.413282,1.0,3.0,53.0932,0.5065930000000001,Not Linear,0.313313,1.0,5.0,52.153999999999996,0.5144920000000001,Not Linear,0.405606,1.0,2.0,41.4908,0.359689,Not Linear
247,1000,8,Scale-Free #1b,26,250,N/4,False,U-11,False,network,2.0,False,0.1,0.25,0.0356075,0.0,4.0,136.25799999999998,0.198113,Not Linear,0.0109551,0.0,4.0,118.65,0.316046,Not Linear,0.0150356,0.0,5.0,171.229,0.298692,Not Linear
248,500,6,Erdos-Renyi Random #2b,99,5,5,True,N01,False,network,1.0,False,0.25,0.01,,0.0,4.0,53.7045,0.400955,Invalid,,0.0,4.0,63.9674,0.48896999999999996,Invalid,,0.0,4.0,48.4919,0.350093,Invalid
249,500,10,Scale-Free #2b,7,1,1,True,U-11,False,network,2.0,True,0.0,0.002,0.0366899,0.0,1.0,105.745,0.18415499999999999,Not Linear,0.023640599999999998,0.0,2.0,94.0111,0.254184,Not Linear,-0.0107599,0.0,0.0,87.126,0.182667,Not Linear
250,1000,5,Erdos-Renyi Random #2a,100,250,N/4,True,U-11,False,network,1.0,True,0.25,0.25,,0.0,1.0,68.8462,0.614606,Invalid,,0.0,1.0,58.4098,0.464499,Invalid,,0.0,2.0,84.7193,0.560633,Invalid
251,500,13,Random k-out (k=10) #a,10,125,N/4,True,U-11,False,network,1.0,False,0.0,0.25,0.32795100000000005,1.0,2.0,51.9939,0.33108899999999997,Not Linear,0.278541,1.0,2.0,66.1957,0.419149,Not Linear,0.319323,1.0,2.0,39.5896,0.403727,Not Linear
252,1000,2,Directed Random Tree (Reversed),1,1,1,False,U-11,False,agent,1.0,False,0.0,0.001,0.0369245,1.0,39.0,51137100.0,-0.218681,Not Linear,0.06881010000000001,1.0,43.0,17663400.0,0.440171,Not Linear,0.176182,1.0,40.0,322578000.0,-0.694641,Not Linear
253,1000,13,Random k-out (k=10) #a,10,1,1,False,U-11,False,network,2.0,True,0.1,0.001,-0.0522674,0.0,0.0,136.58,0.0922544,Not Linear,0.0225233,0.0,0.0,117.736,0.196461,Not Linear,-0.0391415,0.0,1.0,169.195,0.0235595,Not Linear
254,1000,3,Erdos-Renyi Random #1a,71,1000,N,False,U-11,False,agent,2.0,True,0.1,1.0,,0.0,33.0,2501390000.0,0.568711,Invalid,,0.0,41.0,958732000.0,0.362705,Invalid,,0.0,38.0,1128500000.0,0.357109,Invalid
255,1000,12,Random k-out (k=3) #b,3,1000,N,False,N01,False,network,1.0,False,0.1,1.0,0.307691,1.0,4.0,67.9571,0.514835,Not Linear,0.325268,1.0,4.0,58.4048,0.348641,Not Linear,0.307258,1.0,5.0,92.1687,0.528403,Not Linear
